Code,Streets,Print_Count,lat,lon,Installation_Status,LGA
NAS_321,ZAKARI SADIQ LINK,2,11.99574199,8.573188963,Pending,NASSARAWA
NAS_76,BICHI LINK,2,11.99574036,8.57262602,Pending,NASSARAWA
NAS_259,SALIHU GALEEL STREET,2,11.9951966,8.572100486,Pending,NASSARAWA
NAS_57,B.A ABDULLAHI LINK,2,11.99574252,8.571568649,Pending,NASSARAWA
NAS_18,ABDULRAHMAN ABUBAKAR LINK,2,11.99690006,8.571570159,Pending,NASSARAWA
NAS_293,UMAR IDRIS ILLO STREET,2,11.99688214,8.570981421,Pending,NASSARAWA
NAS_98,DR ABDU GREMA LINK,2,11.99690254,8.570448482,Pending,NASSARAWA
NAS_319,YUSUF KWARI LINK,2,11.9972823,8.570430541,Pending,NASSARAWA
NAS_62,BADAWA LAYOUT ROAD,2,11.997439,8.570485,Pending,NASSARAWA
NAS_261,SALISU MAI BOREHOLE STREET,2,11.99740727,8.572630329,Pending,NASSARAWA
TAR_55,HAMISU SULAIMAN MAJIA ROAD,2,11.99742627,8.572763275,Pending,TARAUNI
NAS_202,M.J. LAWAL STREET,2,11.99738853,8.573169142,Pending,NASSARAWA
NAS_133,HABIBA YAHAYA LINK,2,11.99681771,8.573178985,Pending,NASSARAWA
NAS_264,SANI IDI DAN FULANI STREET,2,11.99733428,8.574633653,Pending,NASSARAWA
NAS_158,JIBRIN ABDU STREET,2,11.99672369,8.574797169,Pending,NASSARAWA
NAS_9,A.M. PANDA STREET,2,11.99629225,8.574767172,Pending,NASSARAWA
NAS_215,MALAM MADORI STREET,2,11.99703724,8.575485903,Pending,NASSARAWA
NAS_127,GIDAN KARA LINK,2,11.99758963,8.576544125,Pending,NASSARAWA
NAS_8,A MAI GORO SAGAGI LINK,2,11.99661415,8.576753157,Pending,NASSARAWA
NAS_26,ADEOLA STREET,2,11.99609961,8.576884472,Pending,NASSARAWA
NAS_317,YUSUF ABDULLAHI STREET,2,11.99558742,8.576992003,Pending,NASSARAWA
NAS_240,NASIRU ALI YAKASAI STREET,2,11.99566897,8.577530563,Pending,NASSARAWA
NAS_27,ADNAN BABAYOLA LINK,2,11.99515737,8.577638971,Pending,NASSARAWA
NAS_308,YABUKU ABDUL PAIKO LINK,2,11.9946441,8.577747732,Pending,NASSARAWA
NAS_265,SANI SHUAIBU STREET,2,11.99412319,8.57793499,Pending,NASSARAWA
NAS_229,MUSA KALLA STREET,2,11.99387107,8.576851271,Pending,NASSARAWA
NAS_70,BARRISTER ISA BELLO STREET,2,11.9944188,8.576738,Pending,NASSARAWA
NAS_39,ALI ZANGO STREET,2,11.994251,8.575131,Pending,NASSARAWA
NAS_249,RENNER STREET,2,11.99474593,8.575148236,Pending,NASSARAWA
NAS_99,DR. ALI IDI LINK,2,11.99522271,8.575065686,Pending,NASSARAWA
NAS_37,ALI ALI MUHAMMAD LINK,2,11.99463819,8.573816899,Pending,NASSARAWA
NAS_135,HAFSAT AVENUE,2,11.99392454,8.573818338,Pending,NASSARAWA
NAS_58,B Z TAGWAI STREET,2,11.99355,8.575157,Pending,NASSARAWA
NAS_242,NATIONAL AVENUE,2,11.99385622,8.57215835,Pending,NASSARAWA
NAS_107,ENGR. GAMBO ABUBAKAR STREET,2,11.99410421,8.572088085,Pending,NASSARAWA
NAS_241,NASIRU SAMINU LINK,2,11.9944163,8.572159484,Pending,NASSARAWA
NAS_156,IZZUDDEEN ABUBAKAR LINK,2,11.99357844,8.572088571,Pending,NASSARAWA
NAS_212,MAIMUNA LINK,2,11.992403,8.57183,Pending,NASSARAWA
NAS_43,AMB. BUBA AHMED STREET,2,11.9918821,8.571844057,Pending,NASSARAWA
NAS_225,MUH'D FAITH KARUBE STREET,2,11.9913217,8.571844703,Pending,NASSARAWA
NAS_238,NA'ANNABI AHMED STREET,2,11.99131258,8.57239211,Pending,NASSARAWA
NAS_273,SIR PETER OBEBI CLOSE,1,11.9974744,8.577715239,Pending,NASSARAWA
NAS_235,MUSTAPHA TELA CLOSE,1,11.98011822,8.575006416,Pending,NASSARAWA
NAS_236,MUSTAPHA TELA STREET,2,11.97994157,8.574988374,Pending,NASSARAWA
NAS_113,GARBA KAZAURE STREET,2,11.97986742,8.574172234,Pending,NASSARAWA
NAS_97,DPO STREET,2,11.98100479,8.573148892,Pending,NASSARAWA
NAS_239,NASIR WANZAN STREET,2,11.981627,8.574221,Pending,NASSARAWA
NAS_178,KWANYAWA STREET,2,11.98164142,8.574736837,Pending,NASSARAWA
NAS_322,ZANNAN ALBASU STREET,2,11.98083725,8.576637473,Pending,NASSARAWA
NAS_86,DAN GAYA STREET,2,11.981888,8.577404,Pending,NASSARAWA
NAS_56,AYUBA MAI MAI STREET,2,11.98247,8.576927,Pending,NASSARAWA
NAS_192,LAYIN MADORA STREET,2,11.98080355,8.578230519,Pending,NASSARAWA
NAS_13,ABBAS MAI WANKI STREET,2,11.98058,8.579276,Pending,NASSARAWA
NAS_54,AUYO STREET,2,11.9772418,8.577316331,Pending,NASSARAWA
NAS_53,AUDU SAYE STREET,2,11.97620852,8.577720738,Pending,NASSARAWA
TAR_129,SANI GWARZO STREET,2,11.97544946,8.574808166,Pending,TARAUNI
NAS_167,KAWO MAIGARI ROAD,2,11.97607144,8.57441855,Pending,NASSARAWA
FAG_43,ILARO ROAD,2,12.01213913,8.5430663,Pending,FAGGE
FAG_5,FRANCE ROAD,18,12.01449874,8.543484516,Pending,FAGGE
FAG_28,DANBATTA WAY,2,12.0166325,8.542420678,Pending,FAGGE
FAG_91,YORUBA ROAD,2,12.01721714,8.542204363,Pending,FAGGE
FAG_33,EYE HOSPITAL ROAD,2,12.01807509,8.545524416,Pending,FAGGE
FAG_44,INDEPENDENCE ROAD,7,12.02013568,8.544538556,Pending,FAGGE
FAG_80,SANI MARSHAL ROAD,10,12.022946,8.551024,Pending,FAGGE
NAS_219,MILLER ROAD,2,12.01637125,8.552100399,Pending,NASSARAWA
FAG_26,CLUB ROAD,2,12.00872278,8.549467545,Pending,FAGGE
FAG_54,MAGANDA ROAD,2,12.00879863,8.546210709,Pending,FAGGE
NAS_220,MISSION ROAD,2,12.009254,8.543951,Pending,NASSARAWA
FAG_71,PARK ROAD,2,12.007705,8.542175,Pending,FAGGE
FAG_15,BANK ROAD,2,12.00790393,8.540860032,Pending,FAGGE
FAG_61,NIGER STREET,2,12.00942991,8.541463646,Pending,FAGGE
FAG_40,IGBO ROAD,2,12.010444,8.539715,Pending,FAGGE
FAG_19,BELLO ROAD,2,12.01009095,8.539235493,Pending,FAGGE
FAG_56,MAIKANO DUTSE ROAD,2,12.012081,8.539767,Pending,FAGGE
FAG_90,YOLAWA ROAD,2,12.005704,8.54175,Pending,FAGGE
FAG_79,SANI ABACHA WAY,3,12.00476961,8.541718559,Pending,FAGGE
NAS_52,AUDU BAKO WAY,9,12.00378,8.543122,Pending,NASSARAWA
TAR_44,DR BALA MUHAMMAD ROAD,2,11.98646667,8.543333333,Pending,TARAUNI
TAR_40,DAN HAUSA ROAD,2,11.98653333,8.544566667,Pending,TARAUNI
TAR_37,COMMISSIONER ROAD,2,11.985394,8.5449694,Pending,TARAUNI
NAS_64,BALA MUHAMMED WAY,2,11.98362809,8.543247097,Pending,NASSARAWA
TAR_32,BELLO KANO STREET,2,11.98278142,8.545207104,Pending,TARAUNI
TAR_74,KASHIM IBRAHIM WAY,2,11.982097,8.5466639,Pending,TARAUNI
TAR_33,BELLO TANKO TERRACE,2,11.98076667,8.5446,Pending,TARAUNI
TAR_71,JUSTICE DAHIRU MUSTAPHA ROAD,2,11.97829167,8.544497222,Pending,TARAUNI
TAR_62,IBRAHIM DABO ROAD,2,11.98210556,8.538813889,Pending,TARAUNI
TAR_34,BORNO AVENUE,2,11.98581181,8.540936673,Pending,TARAUNI
TAR_67,IYAKA ROAD,3,11.98710793,8.541475141,Pending,TARAUNI
NAS_96,DORAWA ROAD,2,11.98917889,8.541851189,Pending,NASSARAWA
NAS_61,BABURA ROAD,2,11.99044878,8.541678079,Pending,NASSARAWA
NAS_159,JIGAWA ROAD,2,11.98983086,8.544421984,Pending,NASSARAWA
NAS_313,YANDUTSE ROAD,2,11.98846925,8.546244344,Pending,NASSARAWA
NAS_199,LUGARD AVENUE,2,11.9890317,8.546970999,Pending,NASSARAWA
NAS_31,AHMADU BELLO WAY,14,11.98631,8.551113,Pending,NASSARAWA
NAS_274,SKY STREET,2,11.98991749,8.538798478,Pending,NASSARAWA
NAS_243,POLICE WALK WAY,2,11.99611255,8.550589942,Pending,NASSARAWA
FAG_38,NEW HOSPITAL ROAD,2,11.99589321,8.550377339,Pending,FAGGE
NAS_218,MEDICAL AVENUE,2,11.99758826,8.551248933,Pending,NASSARAWA
NAS_270,SHADAI CLOSE,1,12.00024489,8.550400292,Pending,NASSARAWA
NAS_12,ABBAS LINK,2,12.0004237,8.550945282,Pending,NASSARAWA
FAG_84,SULE GAYA ROAD,2,12.00110097,8.548727248,Pending,FAGGE
NAS_217,MAYU ROAD,2,11.99953262,8.546634259,Pending,NASSARAWA
NAS_198,LODGE ROAD,3,11.99391576,8.549676238,Pending,NASSARAWA
NAS_124,GIDADO MUKHTAR LINK,2,11.99240495,8.552249343,Pending,NASSARAWA
NAS_89,DANBAZAU ROAD,1,11.9896101,8.550353053,Pending,NASSARAWA
NAS_179,LAFIA ROAD,4,11.98892587,8.554002428,Pending,NASSARAWA
NAS_176,KWAIRANGA ROAD,2,11.99086463,8.555831224,Pending,NASSARAWA
NAS_42,ALU AVENUE,1,11.99269333,8.557714386,Pending,NASSARAWA
NAS_80,CAPT. ABDULLAHI LINK,2,11.99406272,8.558406038,Pending,NASSARAWA
NAS_129,GIMBA UMAR CLOSE,1,11.99599653,8.555618648,Pending,NASSARAWA
NAS_303,VAN GEORGE CLOSE,1,12.02655485,8.526920983,Pending,NASSARAWA
FAG_24,CEASER AVENUE,2,12.0275951,8.525659267,Pending,FAGGE
FAG_37,HAJJ CAMP ROAD,2,12.0279379,8.525757051,Pending,FAGGE
FAG_92,ZUNGERU ROAD,9,12.02808936,8.523780445,Pending,FAGGE
TAR_155,WHETHERHEAD STREET,2,12.02573164,8.528589756,Pending,TARAUNI
NAS_106,EGBE ROAD,2,12.02574169,8.529183174,Pending,NASSARAWA
TAR_133,SARKIN YAKI STREET,2,12.0265397,8.529386867,Pending,TARAUNI
NAS_110,FREETOWN STREET,2,12.026489,8.530159,Pending,NASSARAWA
FAG_60,NGURU AVENUE,2,12.02738657,8.529927719,Pending,FAGGE
FAG_65,ODUTOLA STREET,2,12.02739254,8.529384879,Pending,FAGGE
FAG_34,FEDERAL SECRETARIAT ROAD,2,12.02253483,8.516379784,Pending,FAGGE
FAG_8,AIRPORT ROAD,30,12.02818502,8.515239653,Pending,FAGGE
FAG_72,PEACE ESTATE ROAD,2,12.03017415,8.51158372,Pending,FAGGE
TAR_84,LAYIN LAJAWA ROAD,2,11.95850388,8.541285739,Pending,TARAUNI
TAR_92,MAI HULA STREET,2,11.95924748,8.540500465,Pending,TARAUNI
TAR_58,HASSAN GWARZO STREET,2,11.96094196,8.538654618,Pending,TARAUNI
TAR_147,TUDUN MALIKI ROAD,2,11.95749004,8.535018497,Pending,TARAUNI
TAR_149,UMAR TURAWA STREET,2,11.95488395,8.539676412,Pending,TARAUNI
TAR_113,MUHAMMAD SHESHE STREET,2,11.95576485,8.540589505,Pending,TARAUNI
TAR_88,ISAH KAITA ROAD,2,11.97023585,8.535393169,Pending,TARAUNI
NAS_4,17TH STREET,2,11.96965629,8.535617498,Pending,NASSARAWA
TAR_29,BAWO ROAD,2,11.96756102,8.536650874,Pending,TARAUNI
TAR_1,19TH LINK,2,11.97014877,8.537989183,Pending,TARAUNI
TAR_19,AUTAN BAWO STREET,2,11.97230265,8.534203337,Pending,TARAUNI
TAR_115,NASIRU KABARA STREET,2,11.97210782,8.533301329,Pending,TARAUNI
TAR_83,LAYIN KOTO STREET,2,11.96902064,8.531546264,Pending,TARAUNI
TAR_59,HAUSAWA GIWA STREET,2,11.96598352,8.529452009,Pending,TARAUNI
NAS_188,LAWAN NA'ALLAH STREET,2,11.97480263,8.537340337,Pending,NASSARAWA
NAS_150,IBRAHIM UMAR STREET,2,11.97591895,8.53869613,Pending,NASSARAWA
NAS_169,KAZAURE ROAD,2,11.97600907,8.56700732,Pending,NASSARAWA
NAS_21,ADAM ABUBAKAR GWARZO ROAD,2,11.976044,8.566961,Pending,NASSARAWA
NAS_22,ADAMU BAKER STREET,2,11.97684574,8.567529771,Pending,NASSARAWA
TAR_52,GOBA LINK,2,11.97519305,8.568088497,Pending,TARAUNI
NAS_71,BASHIR DALHATU STREET,2,11.974401,8.569111,Pending,NASSARAWA
NAS_114,GARBA SHEHU STREET,2,11.97565082,8.569994949,Pending,NASSARAWA
NAS_28,AGWAGWA STREET,2,11.97748794,8.571406992,Pending,NASSARAWA
NAS_177,KWANAR MAGGI STREET,2,11.98016424,8.56978518,Pending,NASSARAWA
NAS_123,GEN. BASHIR MAGASHI ROAD,2,11.98077928,8.566433642,Pending,NASSARAWA
NAS_203,MA'AJIN WATARI STREET,2,11.97989468,8.565553455,Pending,NASSARAWA
NAS_143,I. MA SAMA CLOSE,1,11.97975439,8.565436606,Pending,NASSARAWA
NAS_144,IBRAHIM EL-TAYYIB CLOSE,1,11.98250059,8.565956597,Pending,NASSARAWA
NAS_256,SABARA AVENUE,2,11.9834601,8.566816947,Pending,NASSARAWA
TAR_75,KIYASHI AVENUE,2,11.97499409,8.566319206,Pending,TARAUNI
TAR_39,DABINO AVENUE,2,11.97470416,8.566124829,Pending,TARAUNI
TAR_164,YUSUF MAITAMA SULE AVENUE,2,11.97403687,8.565637385,Pending,TARAUNI
TAR_138,SHEHU KAZAURE STREET,2,11.97356667,8.565419444,Pending,TARAUNI
TAR_28,BASHIR SULE MAITAMA AVENUE,2,11.975825,8.5629,Pending,TARAUNI
TAR_11,ALFA WALI STREET,2,11.97008,8.568434,Pending,TARAUNI
NAS_153,ILIYASU MIJINYAWA LINK,2,12.00899557,8.569654029,Pending,NASSARAWA
NAS_104,DUTSE ROAD,2,12.01048788,8.569714329,Pending,NASSARAWA
NAS_168,KAWU MAI WANKI STREET,2,12.01052363,8.57088322,Pending,NASSARAWA
NAS_101,DUNGURAWA AVENUE,2,12.01062801,8.572403465,Pending,NASSARAWA
NAS_208,MAHUTA STREET,2,12.0091758,8.572023558,Pending,NASSARAWA
NAS_195,LAYIN SHESHE STREET,2,12.00778317,8.570633157,Pending,NASSARAWA
NAS_69,BARGERY ROAD,2,12.00737816,8.568786337,Pending,NASSARAWA
NAS_72,BATAWA ROAD,2,12.00735228,8.568706541,Pending,NASSARAWA
NAS_320,YUSUF ROAD,2,12.007068,8.567443,Pending,NASSARAWA
NAS_175,KUWATAGONI CLOSE,1,12.00383355,8.567538665,Pending,NASSARAWA
NAS_252,RWAFF ROAD,2,12.00953251,8.565114498,Pending,NASSARAWA
NAS_297,UMARU BABURA ROAD,2,12.01309334,8.566526584,Pending,NASSARAWA
NAS_25,ADAMU LAUYA STREET,2,12.01242,8.574354,Pending,NASSARAWA
NAS_79,CAPITAL INSURANCE STREET,2,12.01132461,8.575289002,Pending,NASSARAWA
NAS_165,KAWAJI STREET,2,12.00711442,8.572900345,Pending,NASSARAWA
NAS_278,SULE BOMPAI STREET,2,12.017563,8.574209405,Pending,NASSARAWA
NAS_280,SURAJO MARSHAL LINK,2,11.99291938,8.566843705,Pending,NASSARAWA
NAS_74,BELLO ADOKE CLOSE,1,11.9936451,8.566124656,Pending,NASSARAWA
NAS_311,YAKUBU SULEIMAN LINK,2,11.99363863,8.565262614,Pending,NASSARAWA
NAS_268,SARDAUNA CRESCENT,19,11.99198439,8.564407534,Pending,NASSARAWA
NAS_185,LARABA ROAD,2,11.99190469,8.563286803,Pending,NASSARAWA
NAS_51,ASMA'U YAKUBU STREET,2,11.98976914,8.563140889,Pending,NASSARAWA
NAS_279,SULTAN ROAD,3,11.98935616,8.561689638,Pending,NASSARAWA
NAS_182,LAMIDO TERRACE,2,11.98685559,8.564043913,Pending,NASSARAWA
NAS_214,MALAM BUHARI LINK,2,11.98732404,8.56646193,Pending,NASSARAWA
NAS_95,DAUDA BIRMA STREET,2,11.98856802,8.567681443,Pending,NASSARAWA
NAS_24,ADAMU JOJI ROAD,2,11.98857,8.568718,Pending,NASSARAWA
NAS_145,IBRAHIM GODI STREET,2,11.98758884,8.568566542,Pending,NASSARAWA
NAS_307,WRECCA ROAD,2,11.98591722,8.568032292,Pending,NASSARAWA
NAS_88,DAN WUDIL LINK,2,11.98962698,8.569380991,Pending,NASSARAWA
NAS_128,GIGINYU BARRACKS ROAD,2,11.990208,8.568979,Pending,NASSARAWA
NAS_50,ASMA'U LINK,2,11.99077,8.568889,Pending,NASSARAWA
NAS_20,ADAKAWA LINK,2,11.991299,8.568813,Pending,NASSARAWA
NAS_94,DARMA LINK,2,11.992379,8.568696,Pending,NASSARAWA
NAS_323,ZUBAIRU INUWA LINK,2,11.9929212,8.568220361,Pending,NASSARAWA
NAS_19,ABUBAKAR TSAV STREET,2,11.99355853,8.568775281,Pending,NASSARAWA
NAS_116,GARBA YAKASAI LINK,2,11.99355535,8.5693174,Pending,NASSARAWA
NAS_316,YOLAWA LINK,2,11.99296879,8.569886493,Pending,NASSARAWA
NAS_161,KABO LINK,2,11.99182088,8.571262102,Pending,NASSARAWA
NAS_204,MADINA LINK,2,11.99020712,8.57016564,Pending,NASSARAWA
NAS_290,UMARU BABURA LINK,2,11.98885116,8.571847548,Pending,NASSARAWA
NAS_292,UMAR GALADIMA ROAD,2,11.98826612,8.571278404,Pending,NASSARAWA
NAS_260,SALIHU ZAWA'I UBA AVENUE,2,11.99489747,8.568508218,Pending,NASSARAWA
NAS_232,MUSA TUDUN WADA LINK,2,11.99617532,8.568498658,Pending,NASSARAWA
NAS_251,RUFAI GARBA ROAD,2,11.99703864,8.567789799,Pending,NASSARAWA
NAS_29,AHAD CRESCENT,2,11.99706,8.566677,Pending,NASSARAWA
NAS_60,BABAN KWARI ROAD,2,11.997609,8.565849,Pending,NASSARAWA
NAS_255,SA'ADINA H DANTATA LINK,2,11.9984818,8.564489692,Pending,NASSARAWA
NAS_206,MADUGU LINK,2,11.99613415,8.56468458,Pending,NASSARAWA
NAS_234,MUSTAFA GARBA LINK,2,11.99595332,8.562854794,Pending,NASSARAWA
NAS_157,JABBO ROAD,2,11.99752651,8.562120974,Pending,NASSARAWA
NAS_269,SARDAUNA HABIB AVENUE,2,11.99424093,8.560425784,Pending,NASSARAWA
FAG_86,TREE LANE,2,11.998511,8.535844,Pending,FAGGE
FAG_10,AJASA ROAD,2,12.000455,8.535972,Pending,FAGGE
NAS_32,AJASA YAN SIMINTI ROAD,2,12.00057098,8.535460905,Pending,NASSARAWA
FAG_45,INUWA WADA LANE,2,12.000514,8.535439,Pending,FAGGE
NAS_81,CIVIC CENTRE ROAD,5,12.00065421,8.534696184,Pending,NASSARAWA
FAG_87,USMAN LIMAN ROAD,2,12.00245,8.53355,Pending,FAGGE
FAG_53,LAGOS STREET,2,12.0017808,8.537534502,Pending,FAGGE
FAG_11,ALWALI ROAD,2,12.00265,8.537688,Pending,FAGGE
FAG_75,REVENUE ROAD,2,12.004172,8.538057,Pending,FAGGE
FAG_20,BIDA ROAD,2,12.000564,8.537456,Pending,FAGGE
NAS_318,YUSUF KURFI STREET,2,11.99822298,8.539582599,Pending,NASSARAWA
TAR_153,USMANIYYA LINK,2,11.99369439,8.538241234,Pending,TARAUNI
NAS_228,MUSA FAGGE LINK,2,11.99140568,8.53867215,Pending,NASSARAWA
NAS_154,ISLAMIYYA LINK,2,11.99167904,8.536783768,Pending,NASSARAWA
FAG_63,OBASANJO LINK,2,11.99003374,8.534148784,Pending,FAGGE
FAG_64,OBASANJO ROAD,2,11.98956136,8.534142923,Pending,FAGGE
NAS_276,STATE ROAD,5,11.99044092,8.531894246,Pending,NASSARAWA
FAG_31,EMIR ROAD,2,11.99045473,8.531857936,Pending,FAGGE
NAS_78,BUK ROAD,2,11.99038009,8.531847619,Pending,NASSARAWA
NAS_275,STADIUM ROAD,2,11.99185546,8.532522778,Pending,NASSARAWA
FAG_41,IBRAHIM TAIWO ROAD,7,11.99335846,8.533534579,Pending,FAGGE
FAG_67,OLUSEGUN OBASANJO WAY,2,11.993482,8.533897,Pending,FAGGE
NAS_216,MATAN FADA ROAD,4,11.99300584,8.541410816,Pending,NASSARAWA
NAS_187,LAWAN ATANA ROAD,2,11.993596,8.543319,Pending,NASSARAWA
NAS_282,TAMANDU ROAD,2,11.99541898,8.543925024,Pending,NASSARAWA
NAS_281,TAMANDU CLOSE,1,11.99757654,8.544588407,Pending,NASSARAWA
NAS_49,ARAKAN ROAD,2,12.00123273,8.544756577,Pending,NASSARAWA
NAS_209,MAI GATARI STREET,2,11.985094,8.581287,Pending,NASSARAWA
NAS_138,HIGH TENSION LINE,2,11.98359918,8.582608444,Pending,NASSARAWA
NAS_15,ABDUL'AZIZ HARUNA STREET,2,11.98573844,8.583746399,Pending,NASSARAWA
NAS_142,HOTORO TINSHAMA ROAD,2,11.98813639,8.584792179,Pending,NASSARAWA
TAR_17,AMANALLAH STREET,2,11.96657511,8.544906688,Pending,TARAUNI
TAR_145,TAHIR ROAD,2,11.9653472,8.545577686,Pending,TARAUNI
TAR_24,BALA MAMSA STREET,2,11.96539958,8.543533395,Pending,TARAUNI
TAR_73,KARKASARA WAY,2,11.96386235,8.543163884,Pending,TARAUNI
TAR_63,INUWA DUTSE STREET,2,11.96373251,8.543047049,Pending,TARAUNI
TAR_121,PRESS ROAD,2,11.96743055,8.54309793,Pending,TARAUNI
TAR_54,GYADI - GYADI PRIMARY SCHOOL ROAD,2,11.96854205,8.545208373,Pending,TARAUNI
TAR_85,LAYIN MAI KOSAI ROAD,2,11.96866528,8.545449266,Pending,TARAUNI
TAR_118,NUPE ROAD,2,11.96896135,8.546111983,Pending,TARAUNI
TAR_21,BABA KOKI STREET,2,11.96869179,8.546309901,Pending,TARAUNI
TAR_72,KANKAROFI STREET,2,11.96860361,8.546789988,Pending,TARAUNI
TAR_119,NURA TURAKI STREET,2,11.96783916,8.546852442,Pending,TARAUNI
TAR_35,BUDAIYA ROAD,2,11.97081882,8.542248686,Pending,TARAUNI
TAR_20,BABA IMPOSSIBLE STREET,2,11.96814167,8.554552778,Pending,TARAUNI
FAG_89,WARRI ROAD,2,12.02273368,8.534597569,Pending,FAGGE
FAG_32,ENUGU ROAD,2,12.02212748,8.532521288,Pending,FAGGE
FAG_4,ABEOKUTA ROAD,2,12.02134652,8.532510939,Pending,FAGGE
FAG_9,AITKEN ROAD,2,12.02048054,8.534602132,Pending,FAGGE
FAG_57,MIDDLE ROAD,2,12.01959111,8.534768128,Pending,FAGGE
FAG_82,SANIN GIWA STREET,2,12.01855201,8.530981013,Pending,FAGGE
FAG_42,IJEBU ROAD,2,12.0242939,8.532439152,Pending,FAGGE
FAG_83,SANUSI STREET,2,12.02736588,8.531807698,Pending,FAGGE
FAG_77,SABON GARI ROAD,2,12.02733444,8.536181948,Pending,FAGGE
FAG_55,MAHOGANY STREET,2,12.0285795,8.537326044,Pending,FAGGE
FAG_46,IROKO AVENUE,2,12.03079701,8.534824003,Pending,FAGGE
FAG_48,KABBA STREET,2,12.03257853,8.534605725,Pending,FAGGE
NAS_66,BALLAT HUGHES AVENUE,2,12.02569144,8.539555094,Pending,NASSARAWA
NAS_14,ABBAS ROAD,2,12.02356238,8.540009952,Pending,NASSARAWA
FAG_51,KING'S GARDEN ROAD,2,12.02486281,8.542817728,Pending,FAGGE
FAG_22,BROTHER STREET,2,12.02327488,8.543985654,Pending,FAGGE
TAR_135,SERVICE STREET,2,11.94145866,8.556517658,Pending,TARAUNI
TAR_162,YAR AKWA LAYIN CEMENT STREET,2,11.94162704,8.556898361,Pending,TARAUNI
NAS_118,GARKI ROAD,2,11.94202045,8.55784802,Pending,NASSARAWA
TAR_97,MAL ADAM STREET,2,11.94272739,8.559565567,Pending,TARAUNI
TAR_122,R KABIRU STREET,2,11.94069059,8.561554052,Pending,TARAUNI
TAR_126,SABON MASALLACI STREET,2,11.93667304,8.55996523,Pending,TARAUNI
TAR_156,YAKUBU BOKOTI STREET,2,11.93748438,8.556584839,Pending,TARAUNI
TAR_15,ALMAGHILI STREET,2,11.93817239,8.55577063,Pending,TARAUNI
TAR_161,YAR AKWA B LAYIN HARU STREET,2,11.93855679,8.555333744,Pending,TARAUNI
TAR_103,MAL. KHIDIR BASHIR STREET,2,11.93970968,8.555391579,Pending,TARAUNI
TAR_12,ALHAJI BALA STREET,2,11.93967466,8.554928106,Pending,TARAUNI
TAR_46,FAROUK RABIU ROAD,2,11.94156592,8.554554279,Pending,TARAUNI
TAR_13,ALI UNGUWAR GANO STREET,2,11.94328946,8.55359462,Pending,TARAUNI
TAR_127,SAGIR W.MAI IYALI STREET,2,11.94477125,8.552792516,Pending,TARAUNI
TAR_116,NAZIRU SARKIN WAKA STREET,2,11.94558037,8.552357706,Pending,TARAUNI
TAR_25,BARDE STREET,2,11.94667742,8.551740066,Pending,TARAUNI
TAR_91,MAI DOKI STREET,2,11.94840238,8.55058335,Pending,TARAUNI
TAR_30,BAYAN GANDU ROAD,2,11.9491242,8.550059755,Pending,TARAUNI
TAR_42,DARMANAWA ROAD,2,11.95321676,8.554581723,Pending,TARAUNI
TAR_87,LAYIN MAKABARTA ROAD,2,11.94725457,8.556750251,Pending,TARAUNI
TAR_158,YAN AWAKI ROAD,2,11.94843024,8.565873688,Pending,TARAUNI
TAR_146,TARAUNI MARKET ROAD,2,11.97539023,8.558331005,Pending,TARAUNI
TAR_89,SARKIN KASUWA STREET,2,11.97512952,8.559425424,Pending,TARAUNI
TAR_107,MASUDU STREET,2,11.975984,8.55976,Pending,TARAUNI
TAR_128,SALEH RIMIN GADO STREET,2,11.97573805,8.560454067,Pending,TARAUNI
TAR_136,SHADDA KOKO STREET,2,11.97632,8.560657,Pending,TARAUNI
TAR_70,JIBRIL WUDIL STREET,2,11.97597247,8.561058385,Pending,TARAUNI
TAR_43,DAURAWA QUARTERS ROAD,2,11.97496389,8.562019444,Pending,TARAUNI
NAS_125,GIDADO ROAD,2,11.97389444,8.561241667,Pending,NASSARAWA
TAR_81,LAYIN GIDAN DANEJI CLOSE,1,11.97384281,8.560990795,Pending,TARAUNI
TAR_131,SANI LAWAN STREET,2,11.973282,8.5582764,Pending,TARAUNI
TAR_99,MAL UZAIRU STREET,2,11.97210432,8.557390242,Pending,TARAUNI
TAR_96,MAIRUWA STREET,2,11.97308589,8.556407921,Pending,TARAUNI
NAS_170,KOFI STREET,2,11.9717719,8.555607813,Pending,NASSARAWA
TAR_104,MALAMI STREET,2,11.97132481,8.5554808,Pending,TARAUNI
TAR_125,SABBABU STREET,2,11.97069708,8.55660452,Pending,TARAUNI
TAR_108,MUHAMMED BELLO COUNCILLOR STREET,2,11.96922417,8.55781123,Pending,TARAUNI
TAR_5,ADO JA'AFAR STREET,2,11.97046389,8.558894444,Pending,TARAUNI
TAR_163,YAUTAI LINK,2,11.97133333,8.559488889,Pending,TARAUNI
TAR_80,LAYIN FARIN GIDA STREET,2,11.97456334,8.557185514,Pending,TARAUNI
TAR_23,BAGUDU STREET,2,11.97483535,8.557332688,Pending,TARAUNI
TAR_101,MAL. BILYA STREET,2,11.97689372,8.557152549,Pending,TARAUNI
TAR_82,LAYIN GWAN GWAN STREET,2,11.97766447,8.557738282,Pending,TARAUNI
TAR_78,LAUTAI ROAD,2,11.97772204,8.55803049,Pending,TARAUNI
TAR_47,FOUNDATION ROAD,2,11.977716,8.5587183,Pending,TARAUNI
TAR_45,FARM CENTER ROAD,2,11.97772796,8.558803266,Pending,TARAUNI
TAR_102,MAL. HUSSAINI STREET,2,11.97741556,8.558852684,Pending,TARAUNI
TAR_10,ALBAYYANU STREET,2,11.97635087,8.559092419,Pending,TARAUNI
TAR_3,ABU DAWAKI STREET,2,11.97899377,8.559906259,Pending,TARAUNI
NAS_194,LAYIN MASALLACI STREET,2,11.97987056,8.561000516,Pending,NASSARAWA
NAS_180,LAMIDO CRESCENT,11,11.979729,8.561507,Pending,NASSARAWA
NAS_174,KURA ROAD,2,11.98222249,8.560541508,Pending,NASSARAWA
NAS_207,MAGAJIN RUMFA ROAD,2,11.98154076,8.558400559,Pending,NASSARAWA
TAR_142,SOKOTO ROAD,7,11.98302052,8.555666649,Pending,TARAUNI
TAR_56,HAMZA ABDULLAHI ROAD,2,11.981581,8.5549361,Pending,TARAUNI
TAR_16,ALPHA ROAD,2,11.97997928,8.554804327,Pending,TARAUNI
TAR_117,NUHU ALPA ROAD,2,11.97995397,8.554812151,Pending,TARAUNI
TAR_9,AHMED YEKEDIMA ROAD,2,11.97865556,8.553047222,Pending,TARAUNI
TAR_134,SEN. ISA KACHAKO ROAD,2,11.97771944,8.553005556,Pending,TARAUNI
TAR_4,ADO GWARAM ROAD,2,11.977725,8.5520639,Pending,TARAUNI
TAR_8,AHMED DAKU ROAD,2,11.9778,8.551113889,Pending,TARAUNI
NAS_289,TUKUR ROAD,2,11.977917,8.5489083,Pending,NASSARAWA
NAS_257,SABO BAKIN ZUWO ROAD,7,11.98404444,8.553825,Pending,NASSARAWA
NAS_67,BARAU DANBATTA LINK,2,12.00954493,8.580519494,Pending,NASSARAWA
NAS_112,GAGARAWA STREET,2,12.00944606,8.579130755,Pending,NASSARAWA
NAS_68,BARAU DANBATTA ROAD,2,12.01013057,8.5782424,Pending,NASSARAWA
NAS_315,YANKABA STREET,2,12.008848,8.576071,Pending,NASSARAWA
NAS_34,ALH BATURE ABDULAZIZ STREET,2,12.0075823,8.576498611,Pending,NASSARAWA
NAS_162,KALU STREET,2,12.00662031,8.578534861,Pending,NASSARAWA
NAS_46,AMINU MODI STREET,2,12.00593,8.579012,Pending,NASSARAWA
NAS_92,DANWAWU STREET,2,12.00677333,8.579671587,Pending,NASSARAWA
NAS_109,FAGWALAWA LINK,2,12.00682277,8.580343486,Pending,NASSARAWA
NAS_45,AMINU DANWAWU STREET,2,12.00757803,8.580983076,Pending,NASSARAWA
NAS_314,YANKABA COURT ROAD,2,12.007482,8.579565,Pending,NASSARAWA
NAS_30,AHMAD ASHAKA STREET,2,12.00873371,8.582101488,Pending,NASSARAWA
NAS_254,SA'AD TANKO STREET,2,12.00884832,8.583467756,Pending,NASSARAWA
NAS_291,UMAR DAN AZUMI STREET,2,12.00886496,8.584879093,Pending,NASSARAWA
NAS_163,KANYA STREET,2,12.01026851,8.584834023,Pending,NASSARAWA
NAS_262,SAMADI STREET,2,12.01260693,8.584768125,Pending,NASSARAWA
NAS_263,SANI GARBA STREET,2,12.01315122,8.583331358,Pending,NASSARAWA
NAS_294,UMAR KAWAJI STREET,2,12.01391958,8.583296396,Pending,NASSARAWA
NAS_250,ROYAL STREET,2,12.01526793,8.582385261,Pending,NASSARAWA
NAS_196,LIMAN BASHIR STREET,2,12.01427019,8.580254962,Pending,NASSARAWA
NAS_271,SHEHU NA ALLAH STREET,2,12.01376586,8.580250266,Pending,NASSARAWA
NAS_222,MUAZU HAMZA STREET,2,12.01362301,8.578965098,Pending,NASSARAWA
NAS_115,GARBA UBALE STREET,2,12.01543107,8.576785043,Pending,NASSARAWA
NAS_151,IBRAHIM ZUBAIRU STREET,2,12.01532302,8.576187334,Pending,NASSARAWA
NAS_306,WASHIR HOSPITAL ROAD,2,12.01900101,8.581625466,Pending,NASSARAWA
NAS_173,KURA MUHAMMED STREET,2,12.011298,8.581513,Pending,NASSARAWA
NAS_266,SANI YARO STREET,2,12.00525287,8.583973364,Pending,NASSARAWA
NAS_59,BABALLE AVENUE,2,12.00527535,8.584665487,Pending,NASSARAWA
NAS_100,DR. G.N. HAMZA STREET,2,12.006108,8.586341,Pending,NASSARAWA
NAS_120,GASHASH CLOSE,1,12.00523174,8.558435748,Pending,NASSARAWA
NAS_121,GASHASH ROAD,2,12.00440056,8.558471794,Pending,NASSARAWA
NAS_147,IBRAHIM JOBE CRESCENT,2,12.00501315,8.556584385,Pending,NASSARAWA
NAS_237,MYONGU ROAD,1,12.0036954,8.554274327,Pending,NASSARAWA
NAS_82,COMMANDANT CLOSE,2,12.00336122,8.554115613,Pending,NASSARAWA
NAS_23,ADAMU DAN KABO CLOSE,2,12.00079079,8.557077934,Pending,NASSARAWA
NAS_171,KORAU ROAD,2,12.000038,8.560785,Pending,NASSARAWA
NAS_55,AVM. MUKHTAR MUHAMMAD CLOSE,2,12.00383864,8.561010764,Pending,NASSARAWA
NAS_134,HADEJIA ROAD,23,12.00586714,8.561416399,Pending,NASSARAWA
NAS_227,MURTALA MUHAMMED WAY,2,12.00591572,8.561057592,Pending,NASSARAWA
NAS_75,BICHI CLOSE,1,12.00631146,8.559913295,Pending,NASSARAWA
NAS_77,BOMPAI ROAD,2,12.00953,8.55976,Pending,NASSARAWA
NAS_244,PRESIDENT AVENUE,2,12.0098057,8.558916943,Pending,NASSARAWA
NAS_223,MUHAMMED ALI ROAD,2,12.00856693,8.55643072,Pending,NASSARAWA
NAS_287,TUDUNWADA D ROAD,2,12.01062391,8.554057825,Pending,NASSARAWA
NAS_83,COURT HOUSE CLOSE,1,12.01315019,8.555679223,Pending,NASSARAWA
NAS_277,SULAIMAN CRESCENT,4,12.00269019,8.563702708,Pending,NASSARAWA
NAS_305,WADA ALIYU ROAD,2,12.00267885,8.564103769,Pending,NASSARAWA
NAS_181,LAMIDO ROAD,3,12.00264117,8.565710953,Pending,NASSARAWA
NAS_309,YAKUBU AHMED AVENUE,2,12.00372,8.565634,Pending,NASSARAWA
FAG_74,POST OFFICE ROAD,4,12.0105455,8.531620615,Pending,FAGGE
NAS_111,FULASKO STREET,2,12.01033989,8.529633241,Pending,NASSARAWA
TAR_64,INUWA SANI STREET,2,12.00776628,8.529850435,Pending,TARAUNI
FAG_81,SANI UNGOGGO ROAD,2,12.00797793,8.532098973,Pending,FAGGE
NAS_17,ABDULLAHI WASE ROAD,2,12.00569228,8.532885957,Pending,NASSARAWA
FAG_16,BEIRUT ROAD,2,12.00407027,8.534004219,Pending,FAGGE
TAR_159,YAN FATA STREET,2,12.00413112,8.534790625,Pending,TARAUNI
NAS_300,UNITY ROAD,2,12.0026072,8.532088277,Pending,NASSARAWA
FAG_3,ABBALE STREET,2,12.00438562,8.530933076,Pending,FAGGE
FAG_29,DUNI STREET,2,12.00341032,8.529501283,Pending,FAGGE
FAG_39,IBB WAY,14,12.00324169,8.528539698,Pending,FAGGE
FAG_88,WAMBAI MARKET ROAD,2,12.00420344,8.52489943,Pending,FAGGE
FAG_49,KABOBO STREET,2,12.00733589,8.525553705,Pending,FAGGE
FAG_76,S. LAURE STREET,2,12.00801101,8.524988646,Pending,FAGGE
FAG_52,KOFAR MAZUGAL ROAD,2,12.01231829,8.526447032,Pending,FAGGE
TAR_139,SHEHU MANZOARAI STREET,2,12.01338002,8.523212236,Pending,TARAUNI
NAS_10,ABADIE STREET,2,12.01772795,8.529438956,Pending,NASSARAWA
FAG_59,NEW ROAD,2,12.01855129,8.52943567,Pending,FAGGE
FAG_25,CHURCH ROAD,2,12.01593305,8.53249587,Pending,FAGGE
FAG_68,ONITSHA ROAD,2,12.01435002,8.532513549,Pending,FAGGE
FAG_36,GALADIMA STREET,2,12.01373278,8.532983168,Pending,FAGGE
NAS_65,BALARABE MAI KIFI STREET,2,12.0138041,8.533636676,Pending,NASSARAWA
NAS_136,HAJIYA SA'A STREET,2,12.01288646,8.532575401,Pending,NASSARAWA
TAR_38,COURT ROAD,16,12.01069936,8.53462193,Pending,TARAUNI
FAG_17,BELLO DAN DAGO ROAD,2,12.01065333,8.535214986,Pending,FAGGE
NAS_16,ABDULLAHI BAYERO ROAD,3,12.010354,8.536714,Pending,NASSARAWA
NAS_146,IBRAHIM HARUNA CLOSE,1,11.99440737272853,8.541051902118314,Pending,NASSARAWA
NAS_246,RABI'U SULAIMAN CLOSE,1,11.99437792849361,8.541771921737638,Pending,NASSARAWA
NAS_73,BBY LINK,2,11.99479683790556,8.542449220386992,Pending,NASSARAWA
NAS_11,ABBA HABIB LINK,2,11.99415761715967,8.543105101544757,Pending,NASSARAWA
NAS_130,GIRGIRI LAWAN LINK,2,11.99346964128584,8.542488195859878,Pending,NASSARAWA
NAS_152,IDRIS UMAR ROAD,2,11.9921109128173,8.542411462596727,Pending,NASSARAWA
TAR_132,SANI TRADER STREET,2,11.99123461601767,8.539406720572732,Pending,TARAUNI
NAS_131,MAITAMA STREET,2,11.987875,8.539648,Pending,NASSARAWA
NAS_248,RAILWAY QUARTERS ROAD,2,11.99369365,8.535977338,Pending,NASSARAWA
NAS_44,AMINU BABANDI STREET,2,11.99575927270161,8.53894641219762,Pending,NASSARAWA
NAS_295,UMAR MADAHAJI STREET,2,11.99632000142224,8.53935436525741,Pending,NASSARAWA
NAS_233,MUSA Y MAI KIFI AVENUE,2,11.99553864638583,8.540472645298397,Pending,NASSARAWA
NAS_312,YALWAN DANZIAL LINK,22,11.99746655876577,8.540946994261702,Pending,NASSARAWA
NAS_267,SANUSI DANKAKA STREET,2,11.99693043228001,8.54283303571589,Pending,NASSARAWA
NAS_296,UMAR SANUSI STREET,2,11.99629375324764,8.542561916225795,Pending,NASSARAWA
TAR_144,SULE DANBATTA STREET,2,11.972536,8.537933,Pending,TARAUNI
NAS_189,LAWAN NA-ALLAH STREET,2,11.97480263,8.537340337,Pending,NASSARAWA
TAR_48,GANDUN ALBASA ROAD,2,11.97617972079566,8.533090090575275,Pending,TARAUNI
TAR_111,MUHAMMAD ALI STREET,2,11.977067,8.53032,Pending,TARAUNI
TAR_112,MUHAMMAD DANKABO AVENUE,2,11.977067,8.53032,Pending,TARAUNI
NAS_7,A ISMAIL ADAMU GANO STREET,2,11.98097198,8.53259112,Pending,NASSARAWA
TAR_141,SOCIAL INSURANCE ROAD,2,11.98127403206917,8.533878498898424,Pending,TARAUNI
TAR_166,ZOO ROAD,10,11.97817562579577,8.54066035857438,Pending,TARAUNI
TAR_110,MUDI ALASAN ROAD,2,11.97140713,8.542502622,Pending,TARAUNI
TAR_22,BABBAN LAYI ROAD,2,11.96976137,8.542606866,Pending,TARAUNI
TAR_60,HAUSAWA MODEL PRIMARY SCHOOL ROAD,2,11.966964,8.539032,Pending,TARAUNI
TAR_143,SULE BATSARI AVENUE,2,11.96705681663593,8.536942153110166,Pending,TARAUNI
TAR_65,ISAH KAITA STREET,2,11.96981027865382,8.536706054169986,Pending,TARAUNI
TAR_41,DAN KURA STREET,2,11.970077,8.530935,Pending,TARAUNI
NAS_301,USMAN YARHIYA LINK,2,11.99196292007868,8.568817811161429,Pending,NASSARAWA
NAS_119,GARKO CRESCENT,2,11.99471941549114,8.568421570897263,Pending,NASSARAWA
NAS_186,LAWAN ADAMU CLOSE,1,11.99465927492551,8.56682048008092,Pending,NASSARAWA
NAS_193,LAYIN MAI GIGINYU STREET,2,11.991765,8.564415,Pending,NASSARAWA
NAS_258,SALA KAAPANI ROAD,2,11.99052022359976,8.565063987301652,Pending,NASSARAWA
NAS_190,LAYIN ALARAMONA STREET,2,11.988664,8.565607,Pending,NASSARAWA
NAS_148,IBRAHIM KALA ROAD,2,11.98846097357943,8.565227324406104,Pending,NASSARAWA
NAS_230,MUSA KAUGAMA STREET,2,11.98593749519145,8.56705622249348,Pending,NASSARAWA
NAS_253,S/FEGI STREET,2,11.98815875,8.568679457,Pending,NASSARAWA
NAS_285,TRANSFORMER WAY,2,11.9844188694275,8.570128079347478,Pending,NASSARAWA
NAS_36,ALHAJI ABDULRASAK SABO STREET,2,11.99385622,8.57215835,Pending,NASSARAWA
NAS_93,DAR-ES SALAM STREET,2,11.99466257,8.572086868,Pending,NASSARAWA
FAG_69,OSO CHARITY LINK,2,11.99524212032231,8.57328812980874,Pending,FAGGE
FAG_2,ABBA GANA STREET,2,12.00599739461327,8.52647701547857,Pending,FAGGE
FAG_78,SANDA MAI BAREWA STREET,2,12.00744086124983,8.525177705709735,Pending,FAGGE
FAG_23,BUNA ROAD,2,12.009517,8.526256,Pending,FAGGE
NAS_2,12TH STREET,2,11.95367235,8.522900968,Pending,NASSARAWA
NAS_3,14TH STREET,2,11.95331897,8.522487553,Pending,NASSARAWA
NAS_1,10TH STREET,2,11.95404936,8.52333627,Pending,NASSARAWA
NAS_213,MAL SALEH STREET,2,11.98344756921727,8.581749648386406,Pending,NASSARAWA
NAS_155,ISUHU ROBA STREET,2,11.98239080628321,8.582112686909737,Pending,NASSARAWA
TAR_98,BALA SHOE SHINER STREET,2,11.98184005,8.580200096,Pending,TARAUNI
NAS_126,GIDAN GERO STREET,2,11.98520525830294,8.581861492498836,Pending,NASSARAWA
NAS_184,LARABA CLOSE,1,11.98569429946914,8.5826182283279,Pending,NASSARAWA
NAS_299,UNITY COMPREHENSIVE STREET,2,11.98421071687223,8.584107722625388,Pending,NASSARAWA
NAS_87,DAN MADARI STREET,2,11.98317948808345,8.584282433110547,Pending,NASSARAWA
NAS_63,BAKWA AVENUE,2,12.00623770934436,8.574460309951544,Pending,NASSARAWA
NAS_211,MAIDABINO AVENUE,2,12.00608358964808,8.572793007815106,Pending,NASSARAWA
NAS_166,DR M SHABA STREET,2,12.00587851,8.572294919,Pending,NASSARAWA
NAS_283,TANKO YAKASAI STREET,2,12.00481599039276,8.571649495317272,Pending,NASSARAWA
NAS_205,MADU BAKTAMA STREET,2,12.00354687802911,8.573148202522862,Pending,NASSARAWA
NAS_172,KUNCHI AVENUE,2,12.00363830970057,8.574991466080805,Pending,NASSARAWA
TAR_76,SHEIKH TIJJANI KALARAWI STREET,2,12.00633246316871,8.577185951370996,Pending,TARAUNI
NAS_302,UTAI STREET,2,12.0040296094094,8.580419084071682,Pending,NASSARAWA
NAS_164,KARAI CLOSE,1,12.01096506429262,8.574110756473022,Pending,NASSARAWA
NAS_160,KABO AVENUE,2,12.01078463272955,8.573767868257207,Pending,NASSARAWA
TAR_14,ALIYU MODDIBO STREET,2,11.97872564603297,8.559606414721875,Pending,TARAUNI
TAR_123,RESEARCH LANE,2,11.97939315586584,8.557520728823585,Pending,TARAUNI
TAR_7,AHMAD YAKUDIMA STREET,2,11.97763768650861,8.553667917268928,Pending,TARAUNI
TAR_109,MOHAMMED MOHAMMED AVENUE,2,11.97496389,8.562019444,Pending,TARAUNI
NAS_84,DABO MOHAMMED CLOSE,1,11.99820295,8.555589472,Pending,NASSARAWA
NAS_224,MUHAMMED NASIR MUKTAR CLOSE,1,11.99839682680564,8.556127865410687,Pending,NASSARAWA
NAS_38,ALI YAKASAI STREET,2,12.000659,8.555299,Pending,NASSARAWA
NAS_288,TUKUR LINK,2,11.99990151,8.558677783,Pending,NASSARAWA
NAS_310,YAKUBU BAKO CLOSE,1,11.99593809423144,8.556234721811999,Pending,NASSARAWA
TAR_6,AHMED DAKU CRESCENT,2,11.99591792,8.550535549,Pending,TARAUNI
NAS_272,SHEIKH AHMED DEEDAT ROAD,2,11.99591792,8.550535549,Pending,NASSARAWA
TAR_68,YUSUF MAITAMA SULE ROAD,2,11.99223550895942,8.549723509007176,Pending,TARAUNI
NAS_226,MURTALA MOHAMMED WAY,15,12.00591572,8.561057592,Pending,NASSARAWA
NAS_286,TSAUNA CLOSE,1,12.004752,8.561311,Pending,NASSARAWA
NAS_304,WADA ALIYU CRESCENT,2,12.00267885,8.564103769,Pending,NASSARAWA
NAS_298,UNGOGO ROAD,2,12.00651276046151,8.557430941796,Pending,NASSARAWA
FAG_30,DURBIN KATSINA ROAD,2,12.01198353617167,8.56451702606227,Pending,FAGGE
TAR_36,CBN QUARTERS ROAD,2,11.964438,8.563345,Pending,TARAUNI
TAR_61,HON. SIDI HAMID ALI STREET,2,11.96433587,8.563100633,Pending,TARAUNI
TAR_120,PANDAUDU STREET,2,11.96420035757899,8.562209688322993,Pending,TARAUNI
TAR_57,HANGA AVENUE,2,11.96601413012366,8.566444697781582,Pending,TARAUNI
NAS_284,TONKU AVENUE,2,11.96469447500913,8.568506101226873,Pending,NASSARAWA
TAR_53,GUDA ABDULLAHI ROAD,2,11.96782581235839,8.554101630062938,Pending,TARAUNI
TAR_79,BARRISTER STREET,2,11.96815225984685,8.55654018550984,Pending,TARAUNI
TAR_114,MUSA GWADABE STREET,2,11.96637485,8.557481233,Pending,TARAUNI
TAR_69,JAKADAN GARKO STREET,2,11.966235,8.557179,Pending,TARAUNI
TAR_160,YAN KIFI STREET,2,11.97078755585646,8.556206513703621,Pending,TARAUNI
NAS_191,LAYIN DILLALIYA STREET,2,11.97145089700783,8.556618044295401,Pending,NASSARAWA
TAR_86,LAYIN MAI SODA STREET,2,11.97145089700783,8.556618044295401,Pending,TARAUNI
TAR_95,MAIDUGURI ROAD,26,11.96697052003642,8.551421116920602,Pending,TARAUNI
TAR_51,GIDAN GIWA STREET,2,11.96715943231987,8.548206859320656,Pending,TARAUNI
TAR_105,MANSUR KANKAROFI STREET,2,11.96762293187829,8.547450690693704,Pending,TARAUNI
TAR_140,SHUAIBU MAI-GORO STREET,2,11.96955205,8.54683806,Pending,TARAUNI
NAS_132,ABDULLAHI KIRKI STREET,2,11.970229,8.544669,Pending,NASSARAWA
NAS_221,MOHAMMED VICE ADAMU ROAD,2,11.97243533279971,8.57077376583675,Pending,NASSARAWA
NAS_122,GAWO AVENUE,2,11.97104181295657,8.570899260934628,Pending,NASSARAWA
NAS_137,HALLIRU ROAD,2,11.970777,8.573818,Pending,NASSARAWA
NAS_140,HOTORO AVENUE,2,11.97556258,8.573818088,Pending,NASSARAWA
FAG_62,NORTHWEST UNIVERSITY ROAD,2,12.03179697628688,8.496173623728133,Pending,FAGGE
FAG_47,ISAH AMINU KANO STREET,2,11.961095,8.536085,Pending,FAGGE
TAR_66,ISAH WAZIRI ROAD,9,11.961095,8.536085,Pending,TARAUNI
FAG_66,OLD COURT ROAD,2,12.02551125936764,8.53522566131082,Pending,FAGGE
FAG_1,ABARABA STREET,2,12.02867470621042,8.53431178399728,Pending,FAGGE
FAG_93,YOLA STREET,2,12.020612,8.536227,Pending,FAGGE
FAG_35,FESTING ROAD,2,12.01754619037496,8.530070133455627,Pending,FAGGE
FAG_7,ADUA ROAD,2,12.01810562328352,8.54296572683255,Pending,FAGGE
TAR_2,ABDULLAHI MAI GARI STREET,2,11.94202045,8.55784802,Pending,TARAUNI
TAR_100,MAL. BABA STREET,2,11.94291129,8.559993917,Pending,TARAUNI
NAS_6,A D TITIMA STREET,2,11.94655473,8.55788325,Pending,NASSARAWA
NAS_41,ALMANSUR CRESCENT,2,11.94624352,8.55386233,Pending,NASSARAWA
TAR_157,YAKUBU UMAR STREET,2,11.93907899336809,8.557288700124168,Pending,TARAUNI
TAR_154,WESTERN BYPASS,2,8.554973,11.914852,Pending,TARAUNI
NAS_90,DANJUMA ALI GARKO LINE,2,8.55684517990099,11.9368305636071,Pending,NASSARAWA
TAR_151,UNGUWA UKU ROAD,2,8.565481567,11.95018476,Pending,TARAUNI
TAR_93,MAI UNGUWA STREET,2,8.53731706893616,11.9519848528814,Pending,TARAUNI
NAS_5,18TH STREET,2,8.51995006,11.95345337,Pending,NASSARAWA
TAR_94,MAI UNGUWA TELA STREET,2,8.541973322,11.95716415,Pending,TARAUNI
NAS_105,EASTERN BYPASS,2,8.59094620725971,11.9578649316351,Pending,NASSARAWA
TAR_77,KWANAR SABO ROAD,2,8.558519444,11.95905278,Pending,TARAUNI
TAR_90,LIMAWA ROAD,2,8.572011214,11.96496483,Pending,TARAUNI
TAR_18,ATIKU ABUBAKAR ROAD,2,8.530215322,11.96685046,Pending,TARAUNI
TAR_49,GEN. T. Y. DANJUMA STREET,2,8.566742167,11.96830455,Pending,TARAUNI
TAR_130,SANI LAWAN KOFAR MATA STREET,2,8.555189096,11.96895346,Pending,TARAUNI
TAR_150,UMARU MUHAMMAD STREET,2,8.5638144714236,11.9692608398472,Pending,TARAUNI
NAS_141,HOTORO CIKIN GARI STREET,2,8.586969953,11.96964384,Pending,NASSARAWA
TAR_50,GIDADO IDRIS AVENUE,2,8.56183762912515,11.9729545432209,Pending,TARAUNI
TAR_124,RIBADU ROAD,2,8.540237167,11.97411308,Pending,TARAUNI
TAR_148,TUKURA AVENUE,2,8.54942525635684,11.9768313513125,Pending,TARAUNI
TAR_27,BASHIR DALHATU AVENUE,2,8.570667,11.976966,Pending,TARAUNI
NAS_48,ANNAJAT STREET,2,8.578761382,11.9829815,Pending,NASSARAWA
NAS_201,M.D HASSAN STREET,2,8.566122304,11.98344156,Pending,NASSARAWA
NAS_183,LARABA ABASAWA ROAD,2,8.58602501195912,11.9847269818984,Pending,NASSARAWA
NAS_197,LINK ROAD,2,8.560242925,11.98568576,Pending,NASSARAWA
TAR_165,ZARIA ROAD,23,8.5331379,11.98687202,Pending,TARAUNI
NAS_108,ENGR. HABU GUMEL STREET,2,8.566157704,11.9886231,Pending,NASSARAWA
NAS_231,MUSA T WADA LINK,2,8.57047465391708,11.9958626656864,Pending,NASSARAWA
NAS_91,DANKULI LINK,2,8.581662802,11.99593288,Pending,NASSARAWA
NAS_200,M. JAMO STREET,2,8.562120974,11.99752651,Pending,NASSARAWA
NAS_247,RACE COURSE ROAD,11,8.555373708,11.99993972,Pending,NASSARAWA
NAS_103,DUTSE CLOSE,1,8.54937318093302,12.0001253158746,Pending,NASSARAWA
NAS_149,IBRAHIM NATSUGUNNE ROAD,2,8.565442242,12.00122185,Pending,NASSARAWA
NAS_139,HOSPITAL LINK,2,8.544258638,12.00166356,Pending,NASSARAWA
FAG_85,TAFAWA BALEWA WAY,2,8.544133465,12.00446408,Pending,FAGGE
NAS_47,ANAMBRA STREET,2,8.578192962,12.00496662,Pending,NASSARAWA
FAG_12,AMMANI INUWA STREET,2,8.5305224577802,12.0067308448507,Pending,FAGGE
FAG_70,P.Z. ROAD,2,8.542428,12.007548,Pending,FAGGE
FAG_6,ADO BAYERO ROAD,2,8.536745782,12.01041197,Pending,FAGGE
FAG_21,GUMEL ROAD,2,8.565778,12.012776,Pending,FAGGE
NAS_85,DAKATA POLICE STATION ROAD,2,8.57741280994206,12.0143600839524,Pending,NASSARAWA
NAS_210,MAI MALARI ROAD,2,8.574196,12.017682,Pending,NASSARAWA
FAG_13,AP ROAD,2,8.547543,12.024664,Pending,FAGGE
FAG_73,PEACE ESTATE STREET,2,8.51502584853715,12.0286532683684,Pending,FAGGE
FAG_14,ASHTON ROAD,2,8.516642386,12.03324042,Pending,FAGGE
FAG_58,NEW AIRPORT ROAD,2,8.52205320692318,12.0405233668563,Pending,FAGGE
FAG_50,KATSINA ROAD,2,8.46831561748173,12.0626829224858,Pending,FAGGE
NAS_33,AJASSA MAIN ROAD,2,8.534587,11.9927924,Pending,NASSARAWA
TAR_31,BELLO AHMED YAKASAI LINK,2,8.560151,11.965999,Pending,TARAUNI
FAG_27,DANLAMI YARADUE STREET,2,8.5773845,11.9939369,Pending,FAGGE
FAG_94,ABBATOIR ROAD,2,12.011826,8.520723,Pending,FAGGE
NAS_325,ABDUL'AZIZ HARUNA CLOSE,1,11.98573844,8.583746399,Pending,NASSARAWA
NAS_326,ABDULLAHI LINK,2,11.99406272,8.558406038,Pending,NASSARAWA
NAS_327,ABDULLAHI MAI GARI ROAD,2,11.94202045,8.55784802,Pending,NASSARAWA
NAS_328,ADAMU DUTSE STREET,2,12.01507467,8.578924649,Pending,NASSARAWA
NAS_329,AHMADIYYA LINE,2,12.029553,8.539286,Pending,NASSARAWA
FAG_95,ALH DALHA USMAN STREET,2,12.00741913,8.577831902,Pending,FAGGE
NAS_330,ALH SAMAILA MUKHTAR STREET,2,12.01634234,8.582849498,Pending,NASSARAWA
FAG_96,ALH. SAIDU AL AMURA STREET,2,11.97423156,8.580582017,Pending,FAGGE
NAS_331,ALI KALOMA STREET,2,12.00041036,8.550971507,Pending,NASSARAWA
FAG_97,AMINU MUDI STREET,2,12.0059327,8.578976918,Pending,FAGGE
NAS_332,ANNUR HOSPITAL ROAD,2,11.97775774,8.543850591,Pending,NASSARAWA
FAG_98,APPLE AVENUE,2,12.027628,8.531821,Pending,FAGGE
NAS_333,ARAKAN LINK,2,12.00208019,8.548143524,Pending,NASSARAWA
FAG_99,AREWA LINK,2,11.996235,8.583107,Pending,FAGGE
FAG_100,ARI AVENUE,2,12.007993,8.525058,Pending,FAGGE
FAG_101,ARO CHUKWU LINK,2,12.01390129,8.584031059,Pending,FAGGE
TAR_167,BABA MAI TUMAKI STREET,2,11.97684858,8.579929038,Pending,TARAUNI
FAG_102,BARD ROAD,2,12.020088,8.544689,Pending,FAGGE
NAS_334,BARR MUSTAPHA ALIYU STREET,2,11.97117,8.555137,Pending,NASSARAWA
FAG_103,BELA ROAD,2,12.021998,8.577337,Pending,FAGGE
FAG_104,BELLO RASHA STREET,2,11.96740936,8.549532118,Pending,FAGGE
NAS_335,BOLU ROAD,2,11.990008,8.545412,Pending,NASSARAWA
TAR_168,BUHARI QUARTERS CLOSE,1,12.00987414,8.571980598,Pending,TARAUNI
FAG_105,CENTRE LANE,2,11.98067,8.555578,Pending,FAGGE
FAG_106,CHAIRMAN STREET,2,11.928683,8.552762,Pending,FAGGE
FAG_107,CHEDIYA UKU ROAD,2,12.028504,8.539822,Pending,FAGGE
FAG_108,CINEMA ROAD,2,12.018267,8.544099,Pending,FAGGE
NAS_336,COLONEL DAUDU ROAD,2,11.97380656,8.58473043,Pending,NASSARAWA
NAS_337,DAKATA ROAD,2,12.011393,8.5834,Pending,NASSARAWA
NAS_338,DALHA USMAN STREET,2,12.010837,8.581944,Pending,NASSARAWA
NAS_339,DANBATTA STREET EXTENSION,2,12.0078103,8.5754757,Pending,NASSARAWA
NAS_340,DARUL SUNNAH STREET,2,11.9399496,8.5613352,Pending,NASSARAWA
NAS_341,DAWAKI ROAD,1,11.99086916,8.555827641,Pending,NASSARAWA
FAG_109,DELIBE STREET,2,11.994554,8.581665,Pending,FAGGE
NAS_342,ENGINEER MANSUR LINK,2,11.9801103,8.582772837,Pending,NASSARAWA
NAS_343,FARIN GIDA STREET,2,11.97137,8.555382,Pending,NASSARAWA
NAS_344,FARMLAND STREET,2,11.9848539,8.5702532,Pending,NASSARAWA
NAS_345,G M RINGIM STREET,2,11.99577283,8.57497649,Pending,NASSARAWA
FAG_110,GANIYU BELLO AVENUE,2,12.028866,8.539297,Pending,FAGGE
FAG_111,GARBA YAGAI STREET,2,11.97740427,8.559387028,Pending,FAGGE
NAS_346,GAYA ROAD,2,12.01171986,8.551021848,Pending,NASSARAWA
FAG_112,GIDAN MAGGI STREET,2,12.014221,8.53616,Pending,FAGGE
FAG_113,GIDAN MILO STREET,2,12.01425,8.537015,Pending,FAGGE
TAR_169,GYADI - GYADI ROAD,2,11.96854205,8.545208373,Pending,TARAUNI
TAR_170,HABIB GWARZO ROAD,2,11.97397287,8.5829235,Pending,TARAUNI
TAR_171,HAMA ABDULLAH ROAD,2,11.981581,8.5549361,Pending,TARAUNI
NAS_347,HOTORO AREWA SABON FEGI STREET,2,11.97292537,8.585478125,Pending,NASSARAWA
NAS_348,IBRAHIM SALISU STREET,2,12.008664,8.572061,Pending,NASSARAWA
FAG_114,JAMB CENTER ROAD,2,11.9389073,8.5550635,Pending,FAGGE
NAS_350,KABIRU GAYA STREET,2,11.97490652,8.577829839,Pending,NASSARAWA
NAS_351,KABIRU SANDA ROAD,2,11.9761785,8.5590714,Pending,NASSARAWA
NAS_352,KANGA ROAD,2,12.00099628,8.544995214,Pending,NASSARAWA
TAR_172,KARKASARA JANBULO STREET,2,11.9526558,8.5398842,Pending,TARAUNI
FAG_115,KEFFI STREET,2,12.031185,8.538202,Pending,FAGGE
FAG_116,KUNDILA ROAD,2,12.020506,8.566724,Pending,FAGGE
NAS_353,LABARA HOTORO STREET,2,11.99160769,8.585311658,Pending,NASSARAWA
NAS_354,LADANAI GRA GENIUS ACADEMY STREET,2,11.9873007,8.5892835,Pending,NASSARAWA
TAR_173,LAYIN ABACHA STREET,2,12.010462,8.537837,Pending,TARAUNI
TAR_174,LAYIN HARU STREET,2,11.93855679,8.555333744,Pending,TARAUNI
TAR_175,LAYIN ZANA STREET,2,11.993531,8.580378,Pending,TARAUNI
FAG_117,LITI CHAIRMAN STREET,2,12.00213,8.529231,Pending,FAGGE
NAS_355,MAITAMA SULE ROAD,2,11.99500243,8.548476003,Pending,NASSARAWA
TAR_176,MAKARANTA ROAD,2,11.97544945,8.574808164,Pending,TARAUNI
FAG_118,MARKET ROAD,2,12.027008,8.537764,Pending,FAGGE
NAS_356,MINJIBIR STREET,2,11.998323,8.566284,Pending,NASSARAWA
NAS_357,MUBARAK U FAROUK STREET,2,11.9950434,8.577101878,Pending,NASSARAWA
NAS_358,MUHAMMAD HUDU STREET,2,12.01123,8.581533,Pending,NASSARAWA
NAS_359,MUHD GWARZO AVENUE,2,11.97198073,8.582363466,Pending,NASSARAWA
NAS_360,MUNDUBAWA AVENUE,2,12.006247,8.56121,Pending,NASSARAWA
TAR_177,NA'IBAWA ROAD,2,11.934165,8.557441,Pending,TARAUNI
NAS_361,NUHU ALPHA ROAD,2,11.97995397,8.554812151,Pending,NASSARAWA
FAG_119,OKENE ROAD,2,12.027523,8.534603,Pending,FAGGE
FAG_120,OLD CEMETARY ROAD,2,12.020321,8.554176,Pending,FAGGE
NAS_362,FAROUK GARKO STREET,2,11.97386561,8.57766139,Pending,NASSARAWA
FAG_121,HALIMA MAI TANGARAN STREET,2,11.97463779,8.578881973,Pending,FAGGE
FAG_122,OWODUNNI AVENUE,2,12.0058298,8.5731589,Pending,FAGGE
NAS_363,POLICE BARACK ROAD,2,12.00779057,8.556433224,Pending,NASSARAWA
NAS_364,RINGIM ROAD,2,12.005996,8.52691,Pending,NASSARAWA
NAS_365,RUKAYYA DAWAYYA CLOSE,2,11.98405936,8.583415414,Pending,NASSARAWA
NAS_366,RUKAYYA DAWAYYA STREET,2,11.98550048,8.582702233,Pending,NASSARAWA
TAR_179,SANI BELLO STREET,2,12.022695,8.551603,Pending,TARAUNI
NAS_367,SANI HASHIM STREET,2,11.97189875,8.579796811,Pending,NASSARAWA
TAR_180,SHUAIBU KAZAURE STREET,2,11.973351,8.570064,Pending,TARAUNI
TAR_181,SHATIMA ROAD,2,12.009396,8.523858,Pending,TARAUNI
FAG_123,SHELL ROAD,2,12.023282,8.544144,Pending,FAGGE
TAR_182,SHUAIBU MAI ROGO STREET,2,11.96955205,8.54683806,Pending,TARAUNI
FAG_124,ST. LOUIS ROAD,2,12.01200534,8.560233593,Pending,FAGGE
NAS_368,SULAIMAN GEZAWA ROAD,2,12.020517,8.555907,Pending,NASSARAWA
NAS_369,SULAIMAN CRESCENT CLOSE,2,12.0026348,8.566842028,Pending,NASSARAWA
NAS_370,TAURA LINK,2,11.96926,8.576397,Pending,NASSARAWA
NAS_371,TIJJANI HASHIM LINK,2,11.995163,8.543822,Pending,NASSARAWA
TAR_183,TSAMIYAR BOKA STREET,2,11.97441829,8.578879251,Pending,TARAUNI
TAR_184,UDB ROAD,2,11.98087706,8.566271881,Pending,TARAUNI
TAR_185,UMAR GARKUWAN MINJIBIR ROAD,2,11.98912933,8.569376587,Pending,TARAUNI
NAS_372,UMARU DAN AZUMI STREET,2,12.010928,8.584767,Pending,NASSARAWA
FAG_125,WAPA ROAD,2,12.010057,8.523307,Pending,FAGGE
FAG_126,WREKKA ROAD,2,11.98591722,8.568032292,Pending,FAGGE
TAR_186,WUDIL ROAD,2,11.98605132,8.551032827,Pending,TARAUNI
TAR_187,YAHAYA KANSILA ROAD,2,12.0072932,8.5613107,Pending,TARAUNI
NAS_373,YAHAYA MUHAMMAD KYABO AVENUE,2,11.99741957,8.572083066,Pending,NASSARAWA
NAS_374,YAR GAYA STREET,2,12.020522,8.556653,Pending,NASSARAWA
NAS_375,YUSUF KWARI STREET,2,11.993065,8.570471,Pending,NASSARAWA
FAG_127,YUSUFU ROAD,2,12.00982672,8.566274296,Pending,FAGGE
NAS_376,ZAREWA AVENUE,2,12.0111269,8.575094,Pending,NASSARAWA
TAR_188,ZARIA AVENUE,2,12.01454,8.543663,Pending,TARAUNI
NAS_377,BAKATSINA STREET,2,11.99235,8.55228,Pending,NASSARAWA
FAG_128,ABA ROAD,2,8.536643683,12.02367992,Pending,FAGGE
NAS_378,ADAMU AFFA STREET,2,8.573397423,12.01128476,Pending,NASSARAWA
NAS_379,ADO KILA STREET,2,8.580252216,11.97503669,Pending,NASSARAWA
NAS_380,ADO TELA STREET,2,8.575744099,11.98055576,Pending,NASSARAWA
NAS_381,AHMAD MARSHAL STREET,2,8.580135232,11.97313624,Pending,NASSARAWA
NAS_382,ALH IDRIS ISA LINK,2,8.588810293,11.98345708,Pending,NASSARAWA
NAS_383,ALH SABO ZANGO STREET,2,8.575373303,11.99377882,Pending,NASSARAWA
NAS_384,ALH SAIDU AL AMURA STREET,2,8.57835695,11.97429758,Pending,NASSARAWA
NAS_385,ALHAJI ALA LINK,2,8.569765557,11.98867748,Pending,NASSARAWA
NAS_386,APEX BRIDGE SCHOOL STREET,2,8.591296063,11.98662839,Pending,NASSARAWA
NAS_387,AUDU MAI BUZAYE STREET,2,8.576848518,11.98126774,Pending,NASSARAWA
NAS_388,AUDU NAMAMA STREET,2,8.574413866,12.01141889,Pending,NASSARAWA
FAG_129,BABAN KWARAI ROAD,2,8.56913769,11.99648043,Pending,FAGGE
NAS_389,BAFFA DAN'AZUMI STREET,2,8.573560787,12.01308017,Pending,NASSARAWA
NAS_390,BALARABE HAMZA STREET,2,8.533252201,12.01309966,Pending,NASSARAWA
NAS_391,BARR. RILWANU UMAR STREET,2,8.591108893,11.98751386,Pending,NASSARAWA
NAS_392,BELLO RINGIM LINK,2,8.589361243,11.98358933,Pending,NASSARAWA
NAS_393,BOMPAI GRA MUNDUBAWA ROAD,2,8.561137814,12.00907689,Pending,NASSARAWA
NAS_394,CAPT ABDULLAHI LINK,2,8.578021788,11.99616528,Pending,NASSARAWA
NAS_395,DASO LINK,2,8.588408544,11.98354479,Pending,NASSARAWA
NAS_396,DR ALI IDI LINK,2,8.57391396,11.99499575,Pending,NASSARAWA
NAS_397,GARBA ISA STREET,2,8.584678181,12.00775156,Pending,NASSARAWA
NAS_398,GIDAN DORAWA STREET,2,8.574019387,12.00949828,Pending,NASSARAWA
NAS_399,GIDAN MALAM STREET,2,8.570250131,12.00947301,Pending,NASSARAWA
NAS_400,GODI STREET,2,8.571842245,11.98766883,Pending,NASSARAWA
TAR_189,GYADI-GYADI PRIMARY SCHOOL ROAD = SAMBO STREET,2,8.544273775,11.96705557,Pending,TARAUNI
NAS_401,HABIBA MAI GADO STREET,2,8.580073351,11.98384121,Pending,NASSARAWA
NAS_402,HABIBU BREAK STREET,2,8.575501794,11.98092404,Pending,NASSARAWA
NAS_403,IBRAHIM KALLA STREET,2,8.56542905,11.98934073,Pending,NASSARAWA
NAS_404,INJIN AMADU STREET,2,8.576360775,11.98151904,Pending,NASSARAWA
NAS_405,ISA DUTSE ROAD,2,8.563282828,12.01494814,Pending,NASSARAWA
NAS_406,ISAH KASINO STREET,2,8.577375966,11.98215096,Pending,NASSARAWA
NAS_407,ISHAQ RABI'U AVENUE,2,8.576908658,12.01429988,Pending,NASSARAWA
NAS_408,KHALID SHETTIMA STREET,2,8.593020906,11.99118734,Pending,NASSARAWA
NAS_409,KHAMIS MUSA SHEHU STREET,2,8.591059391,11.98806546,Pending,NASSARAWA
NAS_410,LAYIN CUSTOM STREET,2,8.591343586,11.97568729,Pending,NASSARAWA
NAS_411,LAYIN SOJA STREET,2,8.578395722,11.9841631,Pending,NASSARAWA
NAS_412,M. NAYAYA STREET,2,8.592839754,11.98742456,Pending,NASSARAWA
NAS_413,MAL SUYUDI STREET,2,8.591850158,11.99085437,Pending,NASSARAWA
NAS_414,I. MASAMA CLOSE,1,8.563453975,11.98149174,Pending,NASSARAWA
NAS_415,MOHAMMADU ALI SIDI STREET,2,8.581569036,11.97573167,Pending,NASSARAWA
NAS_416,MUHAMMADU FILA STREET,2,8.581424195,11.97509715,Pending,NASSARAWA
NAS_417,NURA MAJIYA STREET,2,8.591677944,11.98879658,Pending,NASSARAWA
NAS_418,PROMISE STREET,2,8.580840889,11.98427273,Pending,NASSARAWA
NAS_419,SAIDU GARDO STREET,2,8.581122909,11.97725909,Pending,NASSARAWA
NAS_420,SANI IDI DANFULANI STREET,2,8.574944515,11.99350498,Pending,NASSARAWA
NAS_421,SANKOREE STREET,2,8.567567897,11.9950718,Pending,NASSARAWA
NAS_422,SANI HASSAN STREET,2,8.584453873,12.00749635,Pending,NASSARAWA
NAS_423,YAKUBU MAI GIDAN KARGO STREET,2,8.578937999,11.97540744,Pending,NASSARAWA
NAS_324.1,HOSPITAL ROAD,7,8.54892,11.99742,Pending,NASSARAWA
NAS_245,R&B BAKERY STREET,2,8.583973,11.98505,Pending,NASSARAWA
